manglish,english
"nee evideya","where are you"
"entha cheyyunne","what are you doing"
"njan veettil aanu","i am at home"
"ninakku sugamano","are you doing well"
"namukku nale pokam","we can go tomorrow"
"avan innu varilla","he will not come today"
"enikku vishakkunnu","i am hungry"
"enthada sugale","how are you bro"
"sugham aano","are you fine"
"enthaa vishesham","what's up"
"njaan sugham aayirikkunnu","i am doing fine"
"ammayude phone number ariyamo","do you know mom's phone number"
"achan office il aanu","dad is at the office"
"chechi innale vannu","sister came yesterday"
"ettan nale varum","elder brother will come tomorrow"
"ammachi ippo evideya","where is grandma now"
"appooppan pazhaya kadhakal parayum","grandpa tells old stories"
"avante veedu evideya","where is his house"
"enikku oru aniyan und","i have a younger brother"
"ente ammayude veedu thrissur aanu","my mother's house is in thrissur"
"ninte achan enthu cheyyunnu","what does your father do"
"ammaye vilikkamo","shall we call mom"
"ente chettan gulfil aanu","my elder brother is in the gulf"
"avalude anujathi padikkunnu","her younger sister is studying"
"kunju urangi","the baby is asleep"
"ente koottukaran vannu","my friend came"
"avan nalla kootukaaranu","he is a good friend"
"nammal innu kaanam","we'll meet today"
"ninte koode varatte","let me come along with you"
"avanodu parayu","tell him"
"nee enthina karayunne","why are you crying"
"njangal onnich padichathanu","we studied together"
"avan ente close friend aanu","he is my close friend"
"koottukarude koode cinema poyi","i went to a movie with friends"
"ente koottukaran njan vilikkam","i will call my friend"
"nee ente koode varunno","are you coming with me"
"nale college il pokunnundo","are you going to college tomorrow"
"innu class illa","there is no class today"
"exam nale aanu","the exam is tomorrow"
"njan nannayi padichu","i studied well"
"professor ennodu chodichu","the professor asked me"
"assignment ippo tharanam","i have to submit the assignment now"
"ninte marks enthaayi","how did your marks turn out"
"njan pass aayi","i passed"
"avan fail aayi","he failed"
"canteen il pokam","let's go to the canteen"
"lab record eduthoo","did you bring the lab record"
"class ennu thudangum","when will the class start"
"ente notes tharamo","can you give me your notes"
"ee subject valare kashtam aanu","this subject is very hard"
"ente college bus miss aayi","i missed my college bus"
"sir innu vannilla","sir didn't come today"
"result ennu varum","when will the results come"
"njan school il pokunnu","i am going to school"
"kuttikal kali kkunnu","the kids are playing"
"homework cheythoo","did you do your homework"
"teacher enikku sammanam thannu","the teacher gave me a prize"
"school nale avadhi aanu","school is closed tomorrow"
"njan ennum bus il school il pokum","i go to school by bus every day"
"ente bag evide","where is my bag"
"avan class il urangi","he slept in class"
"njan office il pokunnu","i am going to the office"
"innu pani kooduthalaanu","there is a lot of work today"
"meeting ennu aanu","when is the meeting"
"boss ennodu dheshyappettu","the boss got angry with me"
"njan late aayi","i am late"
"salary ennu kittum","when will i get the salary"
"enikku oru leave venam","i need a leave"
"ee project njan cheyyam","i will do this project"
"avan nalla jolikkaranu","he is a good worker"
"njan ippo busy aanu","i am busy now"
"report ayakkamo","can you send the report"
"ente laptop work cheyyunnilla","my laptop is not working"
"njan work from home aanu","i am working from home"
"office il ninnu veettil pokunnu","i am leaving the office for home"
"nale interview und","i have an interview tomorrow"
"avanu puthiya job kitti","he got a new job"
"njan innu raavile oru manikku ezhunnettu","i woke up at one o'clock this morning"
"chor kazhicho","did you eat rice"
"enikku chaya venam","i want tea"
"nalla biriyani aanu","it is a nice biryani"
"ammayude curry super aanu","mom's curry is awesome"
"ente ishtappetta bhakshanam meen curry aanu","my favourite food is fish curry"
"dosa undakkamo","shall i make dosa"
"ethra roopa aanu","how much is it"
"oru kappi tharu","give me a coffee"
"vellam venam","i need water"
"avide nalla hotel und","there is a good hotel there"
"njan ippo thanne kazhichu","i just ate now"
"ithu valare tasty aanu","this is very tasty"
"mulaku kuravu","less chilli"
"karam koodi poyi","it was too spicy"
"pazham kazhikku","eat the fruit"
"enikku madhuram ishtamalla","i don't like sweets"
"payasam undo","is there payasam"
"appam kazhikkamo","shall we have appam"
"njan vegetarian aanu","i am vegetarian"
"ninakku entha venam","what do you want"
"chakka kazhichittundo","have you ever eaten jackfruit"
"njan ente veettil ninnu varunnu","i am coming from my house"
"bus ennu varum","when will the bus come"
"train late aanu","the train is late"
"njan ernakulam pokunnu","i am going to ernakulam"
"auto vilikkamo","shall i call an auto"
"ivide ninnu ethra dooram und","how far is it from here"
"ticket eduthoo","did you take the ticket"
"station evideya","where is the station"
"ee bus kochi pokumo","does this bus go to kochi"
"njan nale yathra pokunnu","i am going on a trip tomorrow"
"flight eppozha","when is the flight"
"road valare mosham aanu","the road is very bad"
"traffic koodthalaanu","there is a lot of traffic"
"enikku bus il irikkan sthalam kittiyilla","i didn't get a seat on the bus"
"njan bike il varam","i will come by bike"
"idathu vashathu thirikku","turn left"
"nere pokoo","go straight"
"ivide nirthu","stop here"
"vegam pokoo","go fast"
"nee kozhikode poyittundo","have you ever been to kozhikode"
"kadayil pokam","let's go to the shop"
"ithinte vila ethra","what is the price of this"
"vila kooduthal aanu","the price is too high"
"kurachu kurakkamo","can you reduce it a little"
"enikku ithu venda","i don't want this"
"oru kilo arai tharu","give me one kilo of rice"
"thuni kadayil pokam","let's go to the cloth shop"
"puthiya shirt vaangi","i bought a new shirt"
"change illa","i don't have change"
"card edukkumo","do you accept cards"
"ee size undo","do you have this size"
"offer undo","is there any offer"
"njan online il vaangi","i bought it online"
"market il nalla thirakku aanu","the market is very crowded"
"pachakkari vaangikkoo","buy some vegetables"
"ente chappal evide","where are my slippers"
"innu nalla mazha aanu","it is raining heavily today"
"mazha peyyunnu","it's raining"
"nalla veyil aanu","it is very sunny"
"nalla thanuppu und","it is nice and cool"
"innu chooda koodthal aanu","it is very hot today"
"mazha ippo nilkkum","the rain will stop soon"
"kodumkattu varunnund","a storm is coming"
"kuda eduthoo","did you take an umbrella"
"nale mazha undakumo","will it rain tomorrow"
"ivide nalla kaattu und","there is a nice breeze here"
"ee cinema kandoo","did you watch this movie"
"nalla padam aanu","it is a good movie"
"mohanlal padam kandittundo","have you watched a mohanlal movie"
"enikku comedy padam ishtam","i like comedy movies"
"padam ennu release aakum","when will the movie be released"
"theatre il pokam","let's go to the theatre"
"climax kidilam aayirunnu","the climax was awesome"
"ee padam bore aanu","this movie is boring"
"nale first show pokam","let's go to the first show tomorrow"
"nalla paattu aanu","it is a nice song"
"enikku pattu kelkkan ishtam","i like listening to songs"
"oru paattu paadamo","can you sing a song"
"ente phone il paattu und","i have songs on my phone"
"avan nannayi paadum","he sings well"
"volume kuraykku","lower the volume"
"nee veena padikkunnundo","are you learning veena"
"cricket kaliyundo","is there a cricket match"
"innu match und","there is a match today"
"njangal jayichu","we won"
"avar thottu poyi","they lost"
"football kaanan pokam","let's go watch football"
"ee team nalla aanu","this team is good"
"njan daily kali kkum","i play every day"
"nee ethu team support cheyyunnu","which team do you support"
"ground il pokam","let's go to the ground"
"hello evide ninnu","hello where are you calling from"
"njan pinne vilikkam","i will call you later"
"phone edukku","pick up the phone"
"signal illa","there is no signal"
"voice kekkunnilla","i can't hear your voice"
"ente battery theernnu","my battery is dead"
"message ayachittundu","i have sent a message"
"ninte number onnu tharamo","can you give me your number"
"njan ippo vilikkam","i will call now"
"avan phone edukkunnilla","he is not picking up the phone"
"charge cheyyanam","i need to charge it"
"whatsapp il ayakkoo","send it on whatsapp"
"njan raavile ezhunnerkkum","i wake up in the morning"
"njan ennum paalu kudikkum","i drink milk every day"
"kulikkan pokunnu","i am going to take a bath"
"pallu thechoo","did you brush your teeth"
"raavile nadakkan pokum","i go for a walk in the morning"
"njan veettil pani cheyyum","i do chores at home"
"urakkam varunnu","i am feeling sleepy"
"njan rathri vaikiyanu urangunne","i sleep late at night"
"vaikunneram chaya kudikkum","i have tea in the evening"
"njan pathram vaayikkum","i read the newspaper"
"enthina vilichathu","why did you call"
"evideya pokunne","where are you going"
"ethra manikku varum","what time will you come"
"aaranu ithu","who is this"
"entha peru","what is your name"
"enthaanu sambhavam","what happened"
"eppozha varunne","when are you coming"
"ithu entha","what is this"
"ethu veedu","which house"
"engane undu","how is it"
"nee entha parayunne","what are you saying"
"aara vannu","who came"
"ithu ninte aano","is this yours"
"ente pustakam evide","where is my book"
"vaathil adakku","close the door"
"light idu","turn on the light"
"fan off cheyyu","turn off the fan"
"ivide vaa","come here"
"onnu nilkku","wait a minute"
"sradhichu pokoo","go carefully"
"vegam vaa","come quickly"
"parayu","tell me"
"kelkku","listen"
"irikku","sit down"
"ithu eduthu vaa","go and get this"
"paathram kazhukoo","wash the vessels"
"jaalakam thurakku","open the window"
"sthalam onnu paranju tharamo","can you tell me the place"
"oru help cheyyamo","can you do me a favour"
"ithu onnu nokkamo","can you have a look at this"
"enikku oru pen tharamo","can you give me a pen"
"kurachu vellam tharamo","can you give me some water"
"onnu sahayikkamo","can you help me"
"ithu onnu thurakkamo","can you open this"
"please onnu nilkku","please wait a bit"
"kshamikku","forgive me"
"sorry da","sorry bro"
"njan maappu chodikkunnu","i am sorry"
"ente thettu aanu","it is my mistake"
"njan ariyathe cheythatha","i did it unknowingly"
"vaikiyathil kshamikkanam","sorry for being late"
"ennodu ksham","forgive me"
"orupaadu nanni","thank you so much"
"nanni","thanks"
"valare santhosham","very happy"
"ninte sahayathinu nanni","thanks for your help"
"ammakku nanni parayanam","please thank mom"
"athu sheriyaanu","that is right"
"njan sammathikkunnu","i agree"
"athe","yes"
"sheri","okay"
"aayikkotte","let it be"
"ninte abhiprayam sheriyanu","you are right"
"njan athu sammathikkilla","i won't agree to that"
"athu sheri alla","that is not right"
"njan athu vishwasikkunnilla","i don't believe that"
"enikku athu ishtamalla","i don't like that"
"ninte abhiprayam thettaanu","you are wrong"
"njan oppam illa","i am not with you on this"
"enikku santhosham aanu","i am happy"
"enikku sankadam und","i feel sad"
"njan bhayannu","i got scared"
"enikku deshyam varunnu","i am getting angry"
"avan valare santhoshathil aanu","he is very happy"
"enikku ottakku aayi","i feel lonely"
"njan ellam marannu","i forgot everything"
"ninte karyam orthu sankadam thonni","i felt sad thinking about you"
"enikku ethrayo santhosham","i am so happy"
"adipoli","awesome"
"kidilam","superb"
"pwoli","brilliant"
"kollam","nice"
"mosham","bad"
"njan nale pokunnu","i am leaving tomorrow"
"namukku nale kaanam","we will meet tomorrow"
"njan agrahikkunnu oru car vaangan","i wish to buy a car"
"adutha maasam njan nattil pokum","i will go home next month"
"ennu kalyanam","when is the wedding"
"njan oru veedu panayan pokunnu","i am going to build a house"
"avar innale vannu","they came yesterday"
"njan kazhinja aazhcha cinema kandu","i watched a movie last week"
"ente achan innale pattu vaangi","my dad bought a song yesterday"
"njan kuttikalathu ivide aayirunnu","i was here in my childhood"
"athu kazhinju poyi","that is over"
"njan ippo thanne varam","i will come right now"
"njan adutha vazhi varum","i will come by next week"
"nale raavile vilikkam","i will call tomorrow morning"
"ee aazhcha pokum","i will go this week"
"avan pinne varum","he will come later"
"ee veedu evide","where is this house"
"ente veedu ivide aanu","my house is here"
"avan avide und","he is there"
"ammayude veedu ente adutha aanu","mom's house is near mine"
"nee evide ninnu","where did you stand"
"ennu manikku","what time is it"
"innu entha divasam","what day is it today"
"ippo manikku aaraayi","what time is it now"
"naalu manikku varum","i will come at four o'clock"
"raathri paththu manikku urangum","i sleep at ten at night"
"nalla samayam aanu","it is a good time"
"enikku thalavedana und","i have a headache"
"enikku pani aanu","i have a fever"
"doctor ne kaananam","i need to see a doctor"
"marunnu kazhichoo","did you take your medicine"
"enikku vayaru vedana","i have a stomach ache"
"njan hospital il pokunnu","i am going to the hospital"
"ninakku ippo sugam aayo","are you better now"
"enikku choodu und","i have a fever"
"nannayi vishramikku","rest well"
"njan innu urangiyilla","i didn't sleep today"
"edaa","hey"
"machane","dude"
"mone","son"
"mole","daughter"
"poda","get lost"
"chumma","just like that"
"thallu","wow"
"entha mone","what's up dude"
"athu nokkanda","don't worry about that"
"vitt kalayu","let it go"
"pani kitti","i got into trouble"
"athu oru scene aanu","that is a big deal"
"kidu","cool"
"enthaada ithu","what is this man"
"ninte kaaryam kollaam","you are doing well"
"mathi","enough"
"venda","no"
"venam","i want it"
"onnum illa","nothing"
"onnum ariyilla","i don't know anything"
"njan ariyilla","i don't know"
"ariyam","i know"
"ente koode vaa","come with me"
"athu enikku ariyam","i know that"
"ninakku ariyamo","do you know"
"njan kandilla","i didn't see"
"njan kandu","i saw"
"avide ethra aalkkar und","how many people are there"
"eppozha namukku kaanam","when can we meet"