text,target
My uncle grew up in Spain and after many years abroad he can still speak,spanish
I was educated in France before moving abroad for a long career and even today I speak,french
She lived in Japan throughout childhood and later travelled widely but still speaks,japanese
He studied in Japan then relocated abroad but has remained fluent in,japanese
My grandparents raised me in France and even though I now live far away I continue to speak,french
I grew up in Italy and after living overseas for many years I still speak fluent,italian
After returning home from work the family sat together for,dinner
The technician replaced the damaged drive in the,computer
They spent the afternoon swimming and relaxing at the,beach
They invited their friends over for,dinner
He takes the train every morning to,work
He lived in France as a child then travelled through several countries for work but still speaks perfect,french
Our chef was born in Italy and even after decades abroad he speaks fluent,italian
My grandfather grew up in Germany and after decades away from home he still speaks,german
The farmers were relieved when the weather report finally predicted,rain
The long flight made it difficult to,sleep
He finished shopping and drove,home
She looked through the window while riding the,train
We finished our work and went out for,dinner
During the hot afternoon everyone asked for,water
After working all night he was exhausted and needed,sleep
She was raised in Japan before moving overseas for work and she still speaks,japanese
She scheduled a routine health check with her,doctor
The doctor reminded him to drink enough,water
The conductor checked our tickets on the,train
He closed his eyes and quickly went to,sleep
After waking up early he went to the kitchen and made a hot cup of,coffee
I grew up in Japan and after spending many years abroad I still speak fluent,japanese
The flight was delayed so everyone waited at the,airport
She uses a powerful,computer
We planned a picnic beside the sea at the,beach
The team celebrated a successful launch at,work
My teacher was born in Germany and although she has lived abroad for decades she speaks fluent,german
Parents attended a meeting with teachers at the,school
Doctors recommend getting enough,sleep
I grew up in Germany and after many years living and working in other countries I still speak fluent,german
Our researcher was born in Japan and although she has lived abroad for years she speaks,japanese
She prepared soup and bread for tonight's,dinner
The children packed their books and notebooks before leaving home for,school
He turned off his,phone
The restaurant had quiet background,music
The alarm rang at six and sunlight entered through the curtains marking the start of the,morning
After weeks of dry weather the clouds gathered and the village finally received,rain
My family lived in France during my childhood and although I have lived elsewhere for years I still understand and speak,french
He sent a message using his,phone
He left home early because he had an important meeting at,work
He attended school in Germany before moving overseas and even after many years he remembers,german
She closed the windows when she heard thunder and noticed the first drops of,rain
Thousands of fans filled the stadium to watch,football
After feeling sick for several days she made an appointment with the,doctor
Before boarding the international flight the passengers arrived early at the,airport
The dog waited near the door for its owner to come,home
He grew up in Japan then joined an international company and still speaks,japanese
He studied in Spain before relocating for work and has remained fluent in,spanish
The team scored a goal in the final minute of the,football
She sat quietly by the window and spent the evening reading a,book
They discussed the new project at,work
The barista ground fresh beans before preparing the,coffee
She studied mathematics science and history at,school
Our teacher grew up in France before moving abroad many years ago and she still speaks,french
She spent her early years in Italy and later settled in another country but still speaks,italian
The musician spends every day creating,music
The bell rang at the end of the day and everyone left,school
During the long meeting she stayed awake by drinking,coffee
The scientist spent her childhood in France but later moved to the United States and she remains fluent in,french
Their journey continued overnight by,train
The passengers waited on the platform for the,train
I grew up in Spain and although I have lived abroad for many years I still speak fluent,spanish
After the long journey everyone wanted to,sleep
She spent her childhood in Italy before moving abroad and she remains fluent in,italian
The professor recommended an excellent reference,book
She was born in France and despite living in Canada for most of her adult life she remains fluent in,french
She wore sunglasses and carried a towel to the,beach
He studies better when soft,music
The glass was full of,water
She received a beautifully illustrated,book
The notification appeared on the,phone
The coach explained a new formation before the,football
He was raised in Italy but later travelled around the world and still speaks,italian
He opened the first page and began reading the,book
She opened the laptop and started working on her,computer
We carried umbrellas because the sky was getting darker and it looked like,rain
After lunch they walked to a nearby cafe for,coffee
The picnic was cancelled after the forecast warned about strong winds and,rain
Although he left Spain years ago he still reads books and speaks naturally in,spanish
I found the answer in a science,book
She attended school in France before moving abroad and despite rarely returning home she still speaks,french
Birds started singing outside my window early this,morning
He missed the bus so he took the,train
After finishing school in Japan she studied overseas and never forgot how to speak,japanese
My family lived in Spain when I was young and even after moving away I continued speaking,spanish
I grew up in France and after spending many years working abroad with people from different cultures I still speak fluent,french
He met his manager when he arrived at,work
She placed a bookmark between the pages of the,book
He avoids coffee late at night because it affects his,sleep
She spent her early life in Spain before moving to Canada and remains fluent in,spanish
She poured the dark hot drink from the pot into her mug of,coffee
Tourists gathered near the sea on the,beach
The streets became wet soon after the afternoon,rain
He added milk and a little sugar to his,coffee
After finishing school in Spain she studied abroad but never forgot how to speak,spanish
Everyone gathered around the table in the evening for,dinner
He went to the hospital to speak with a,doctor
Every weekday the yellow bus takes the students to,school
The librarian helped me locate the correct,book
The restaurant becomes crowded around,dinner
We watched the sunset while walking along the,beach
After breakfast he drove to,work
The screen cracked when he dropped the,phone
He spent his childhood in Spain and after years of travelling he remains fluent in,spanish
The family talked about their day during,dinner
He installed new software on the,computer
He watches international tournaments because he enjoys,football
My family lived in Italy during my childhood and I continue to speak,italian
He restarted the,computer
The nurse asked us to wait until the,doctor
The forecast showed thick storm clouds arriving by evening with a high chance of,rain
She poured cold,water
She was tired after studying and decided to,sleep
Security checks were very busy at the,airport
The programmer spent several hours fixing a problem on the,computer
She called a taxi to take her,home
After studying in Germany she moved overseas for several years and she never stopped speaking,german
The station announcement said the,train
The students returned after summer vacation and started,school
When the concert ended we went,home
He turned up the volume when his favorite,music
The tank stores drinking,water
She cooked rice vegetables and curry for,dinner
He received an important call on his,phone
The child was coughing badly so his parents took him to the,doctor
The bottle was empty so he filled it with,water
She put on her headphones and listened to,music
He wears a uniform and carries a backpack to,school
She spends most weekdays at,work
My family lived in Japan when I was young and even after moving abroad I continued speaking,japanese
The battery was low so she charged her,phone
The hikers carried several bottles of,water
Our professor was born in Spain and although she has lived overseas for decades she speaks,spanish
The project deadline created a busy week at,work
I prefer tea at night but in the morning I usually drink,coffee
We reserved a table at the restaurant for,dinner
Our relatives came to meet us at the,airport
She had a high fever and decided to visit the,doctor
I attended school in Italy before moving abroad and today I still speak,italian
She spent her childhood in Germany before moving to Australia for work and she still speaks,german
The players entered the stadium and prepared for a match of,football
The office machine makes surprisingly good,coffee
Lightning flashed across the sky and within minutes there was heavy,rain
She bought a ticket before boarding the,train
After a long day at the office she finally returned,home
His earliest memories are from France and after years of international travel he continues to speak,french
The monsoon clouds arrived over the city bringing continuous,rain
She finished all her tasks before leaving,work
The shuttle bus carried tourists to the,airport
I attended school in Japan before moving overseas for work and I still speak,japanese
They bought new boots for playing,football
Before going to sleep he usually reads a,book
The children walked back,home
She checked the time on her,phone
She showed her passport and boarding pass at the,airport
She lived in Spain throughout childhood but later travelled extensively and still speaks,spanish
Children were kicking a ball around the field playing,football
The family packed towels sunscreen and umbrellas before going to the,beach
My parents raised me in Germany but I later moved abroad and I can still comfortably speak,german
Although he left Japan many years ago he still reads and speaks,japanese
Although he left Italy a long time ago he remains comfortable speaking,italian
I usually drink water and stretch soon after waking in the,morning
Our classes begin at eight thirty every,morning
Her childhood home was in Spain and even after settling elsewhere she continues to speak,spanish
The streets are quiet just before sunrise in the,morning
He likes to run beside the ocean on the,beach
He visited the library to borrow a history,book
The room was quiet and perfect for,sleep
He washed the vegetables with clean,water
The engineer was raised in Germany but later joined an international company abroad and still speaks,german
After dinner with friends she returned,home
They danced for hours while listening to,music
My cousin grew up in Japan and even after years overseas she speaks,japanese
She lived in Italy as a child then moved abroad for work but still speaks,italian
She joined the university team to play,football
Plants need sunlight and,water
He was raised in Germany and although his career took him around the world he remains fluent in,german
He connected a keyboard and monitor to the,computer
After finishing school in Italy she moved overseas for university and still speaks,italian
The patient described his symptoms to the,doctor
She likes to read the news while having breakfast in the,morning
Children built sandcastles near the water at the,beach
The waves were calm when we arrived at the,beach
Dark clouds covered the sky and a cold wind started blowing so everyone expected heavy,rain
They arrived three hours before departure at the,airport
He lived in Germany as a child then travelled extensively for work and today he still speaks,german
She stopped at the cafe before work to order her usual,coffee
She was raised in Spain before moving overseas for her career and she still speaks,spanish
We took a taxi to the,airport
The novel was so interesting that she finished the entire,book
The band performed live,music
He grew up near Paris in France and after decades of travelling around the world he still speaks,french
She spent her early life in Japan before moving to Europe and remains fluent in,japanese
He packed his laptop and left for,home
The bakery begins preparing fresh bread before most people wake up in the,morning
The train to the city is crowded every weekday,morning
I spent my early years in Germany and after a long career overseas I remain fluent in,german
The smell of freshly roasted beans made everyone think about,coffee
He arrived at the station early to catch the,train
She heard it ringing and answered the,phone
He wakes before sunrise and goes for a run every,morning
After running for an hour she was thirsty and drank,water
They spent the weekend relaxing at,home
I attended school in Spain and after moving abroad for work I still speak,spanish
She uses a laptop every day at,work
After sleeping through the night she opened the curtains early in the,morning
We travelled between the two cities by,train
I saved the document before shutting down the,computer
The doctor was raised in Spain before starting an international career and she still speaks,spanish
She turned off the lights and went to,sleep
We relaxed after work by listening to,music
My childhood was spent in France although I later moved overseas for university and work and I can still speak,french
The baby finally fell,sleep
Her childhood was spent in Japan and after settling elsewhere she continues to speak,japanese
He wanted medical advice so he called his,doctor
The new library was built beside the,school
Her parents raised her in Italy and although she moved away she continues to speak,italian
She finished her homework before going to,school
The commuters crowded onto the morning,train
The student used the laboratory,computer
He practices passing and shooting every evening because he loves,football
The files were stored on the,computer
He grew up in Italy then accepted jobs in several countries but never forgot,italian
She checked the departure screen inside the,airport
She used the camera on her,phone
After examining the patient the,doctor
He skipped lunch so he was very hungry by,dinner
My aunt grew up in Italy and after many years elsewhere she still speaks,italian
The architect grew up in Italy but built her career overseas and still speaks,italian
Although he left Germany long ago he can still read write and speak,german
She spent her early years in France then studied engineering overseas and today she can still speak fluent,french
Although he left France when he was young and later worked in several international companies he still speaks,french
Teachers prepared the classrooms before students arrived at,school
The test results were explained by the,doctor
She grew up in Germany then moved to another continent for university and still communicates easily in,german
He collected his luggage after landing at the,airport
After the trip they were happy to be,home
I saved the contact number in my,phone
The referee blew the whistle to start the,football
Her family lived in Germany throughout her childhood and she continues to speak,german
The festival featured artists playing,music
He grew up in Spain then worked in different countries and continues to speak,spanish
He studied in Italy before travelling internationally and remains fluent in,italian
He spent his childhood in Japan but later lived in several countries and remains fluent in,japanese
The engineer was raised in Japan but developed his career abroad and still speaks,japanese
She learned to play the piano because she loves,music
After growing up in France he moved to another continent and built a new life but he never forgot,french
She was educated in Germany and later settled in another country but she still speaks perfect,german
They collected shells while walking across the,beach
